{
  "query-1" : {
    "transaction" : "query-1",
    "sampleCount" : 500,
    "errorCount" : 0,
    "errorPct" : 0.0,
    "meanResTime" : 362.04200000000037,
    "medianResTime" : 202.0,
    "minResTime" : 1.0,
    "maxResTime" : 4217.0,
    "pct1ResTime" : 793.0,
    "pct2ResTime" : 996.9,
    "pct3ResTime" : 3054.010000000002,
    "throughput" : 19.21451079855507,
    "receivedKBytesPerSec" : 2.702040581046807,
    "sentKBytesPerSec" : 2.2329363135039584
  },
  "query-2" : {
    "transaction" : "query-2",
    "sampleCount" : 500,
    "errorCount" : 0,
    "errorPct" : 0.0,
    "meanResTime" : 375.47800000000007,
    "medianResTime" : 203.0,
    "minResTime" : 1.0,
    "maxResTime" : 4095.0,
    "pct1ResTime" : 780.0000000000027,
    "pct2ResTime" : 1100.95,
    "pct3ResTime" : 3486.8100000000013,
    "throughput" : 19.235948139883817,
    "receivedKBytesPerSec" : 2.7050552071711618,
    "sentKBytesPerSec" : 2.2354275670372794
  },
  "query-3" : {
    "transaction" : "query-3",
    "sampleCount" : 500,
    "errorCount" : 0,
    "errorPct" : 0.0,
    "meanResTime" : 433.29,
    "medianResTime" : 292.0,
    "minResTime" : 2.0,
    "maxResTime" : 4075.0,
    "pct1ResTime" : 783.4000000000029,
    "pct2ResTime" : 1395.8999999999987,
    "pct3ResTime" : 3772.79,
    "throughput" : 19.217464832039358,
    "receivedKBytesPerSec" : 2.7024559920055347,
    "sentKBytesPerSec" : 2.2332796045045735
  },
  "Total" : {
    "transaction" : "Total",
    "sampleCount" : 2000,
    "errorCount" : 0,
    "errorPct" : 0.0,
    "meanResTime" : 597.4304999999996,
    "medianResTime" : 299.0,
    "minResTime" : 1.0,
    "maxResTime" : 9320.0,
    "pct1ResTime" : 1199.0,
    "pct2ResTime" : 2406.5999999999985,
    "pct3ResTime" : 4697.99,
    "throughput" : 76.85804319422029,
    "receivedKBytesPerSec" : 25.237809593805242,
    "sentKBytesPerSec" : 8.800396059103836
  },
  "visit-index" : {
    "transaction" : "visit-index",
    "sampleCount" : 500,
    "errorCount" : 0,
    "errorPct" : 0.0,
    "meanResTime" : 1218.9119999999994,
    "medianResTime" : 693.0,
    "minResTime" : 6.0,
    "maxResTime" : 9320.0,
    "pct1ResTime" : 3104.0,
    "pct2ResTime" : 4585.499999999999,
    "pct3ResTime" : 8052.070000000001,
    "throughput" : 19.219680953296173,
    "receivedKBytesPerSec" : 17.136297568710358,
    "sentKBytesPerSec" : 2.1021526042667693
  }
}