{
  "query-1" : {
    "transaction" : "query-1",
    "sampleCount" : 500,
    "errorCount" : 0,
    "errorPct" : 0.0,
    "meanResTime" : 541.4340000000003,
    "medianResTime" : 395.5,
    "minResTime" : 0.0,
    "maxResTime" : 5426.0,
    "pct1ResTime" : 904.0,
    "pct2ResTime" : 1383.749999999999,
    "pct3ResTime" : 5021.97,
    "throughput" : 13.14647805852812,
    "receivedKBytesPerSec" : 2.4649646359740225,
    "sentKBytesPerSec" : 1.5919563273998896
  },
  "query-2" : {
    "transaction" : "query-2",
    "sampleCount" : 500,
    "errorCount" : 0,
    "errorPct" : 0.0,
    "meanResTime" : 599.8020000000002,
    "medianResTime" : 398.5,
    "minResTime" : 1.0,
    "maxResTime" : 5494.0,
    "pct1ResTime" : 1094.9,
    "pct2ResTime" : 1591.4999999999986,
    "pct3ResTime" : 5442.67,
    "throughput" : 13.178008539349534,
    "receivedKBytesPerSec" : 2.4708766011280376,
    "sentKBytesPerSec" : 1.5957744715618576
  },
  "query-3" : {
    "transaction" : "query-3",
    "sampleCount" : 500,
    "errorCount" : 0,
    "errorPct" : 0.0,
    "meanResTime" : 525.5480000000006,
    "medianResTime" : 393.5,
    "minResTime" : 1.0,
    "maxResTime" : 5565.0,
    "pct1ResTime" : 895.9000000000001,
    "pct2ResTime" : 1197.85,
    "pct3ResTime" : 4983.77,
    "throughput" : 13.136806705026142,
    "receivedKBytesPerSec" : 2.4631512571924015,
    "sentKBytesPerSec" : 1.5907851869367595
  },
  "Total" : {
    "transaction" : "Total",
    "sampleCount" : 2000,
    "errorCount" : 0,
    "errorPct" : 0.0,
    "meanResTime" : 878.081500000002,
    "medianResTime" : 495.0,
    "minResTime" : 0.0,
    "maxResTime" : 15261.0,
    "pct1ResTime" : 1697.0,
    "pct2ResTime" : 2889.299999999983,
    "pct3ResTime" : 7694.070000000002,
    "throughput" : 52.43426054584065,
    "receivedKBytesPerSec" : 19.67564903783132,
    "sentKBytesPerSec" : 6.259851905985371
  },
  "visit-index" : {
    "transaction" : "visit-index",
    "sampleCount" : 500,
    "errorCount" : 0,
    "errorPct" : 0.0,
    "meanResTime" : 1845.5419999999997,
    "medianResTime" : 1151.5,
    "minResTime" : 3.0,
    "maxResTime" : 15261.0,
    "pct1ResTime" : 5077.800000000007,
    "pct2ResTime" : 6684.499999999999,
    "pct3ResTime" : 11979.01,
    "throughput" : 13.140949827853557,
    "receivedKBytesPerSec" : 12.332473422428974,
    "sentKBytesPerSec" : 1.5014561815027991
  }
}