{
  "query-1" : {
    "transaction" : "query-1",
    "sampleCount" : 87,
    "errorCount" : 0,
    "errorPct" : 0.0,
    "meanResTime" : 342.16091954022977,
    "medianResTime" : 294.0,
    "minResTime" : 2.0,
    "maxResTime" : 1299.0,
    "pct1ResTime" : 697.4,
    "pct2ResTime" : 996.6,
    "pct3ResTime" : 1299.0,
    "throughput" : 0.7467939363765901,
    "receivedKBytesPerSec" : 0.1407531540241034,
    "sentKBytesPerSec" : 0.09334924204707376
  },
  "query-2" : {
    "transaction" : "query-2",
    "sampleCount" : 71,
    "errorCount" : 0,
    "errorPct" : 0.0,
    "meanResTime" : 402.056338028169,
    "medianResTime" : 300.0,
    "minResTime" : 2.0,
    "maxResTime" : 1997.0,
    "pct1ResTime" : 803.8,
    "pct2ResTime" : 1200.0,
    "pct3ResTime" : 1997.0,
    "throughput" : 0.5877434789447108,
    "receivedKBytesPerSec" : 0.1107758705432902,
    "sentKBytesPerSec" : 0.07346793486808884
  },
  "query-3" : {
    "transaction" : "query-3",
    "sampleCount" : 74,
    "errorCount" : 0,
    "errorPct" : 0.0,
    "meanResTime" : 397.7027027027028,
    "medianResTime" : 302.0,
    "minResTime" : 3.0,
    "maxResTime" : 3003.0,
    "pct1ResTime" : 700.5,
    "pct2ResTime" : 917.25,
    "pct3ResTime" : 3003.0,
    "throughput" : 0.6223508040099576,
    "receivedKBytesPerSec" : 0.11729854020890804,
    "sentKBytesPerSec" : 0.07779385050124471
  },
  "query-4" : {
    "transaction" : "query-4",
    "sampleCount" : 78,
    "errorCount" : 0,
    "errorPct" : 0.0,
    "meanResTime" : 359.0384615384616,
    "medianResTime" : 299.0,
    "minResTime" : 6.0,
    "maxResTime" : 1599.0,
    "pct1ResTime" : 703.0,
    "pct2ResTime" : 811.1499999999994,
    "pct3ResTime" : 1599.0,
    "throughput" : 0.6441064262002676,
    "receivedKBytesPerSec" : 0.12139896509438637,
    "sentKBytesPerSec" : 0.08051330327503345
  },
  "add-message" : {
    "transaction" : "add-message",
    "sampleCount" : 3750,
    "errorCount" : 0,
    "errorPct" : 0.0,
    "meanResTime" : 1442.0895999999948,
    "medianResTime" : 1002.0,
    "minResTime" : 7.0,
    "maxResTime" : 16163.0,
    "pct1ResTime" : 2802.9,
    "pct2ResTime" : 3599.0,
    "pct3ResTime" : 7095.49,
    "throughput" : 24.595647554208806,
    "receivedKBytesPerSec" : 37.3248879565772,
    "sentKBytesPerSec" : 8.262600350242021
  },
  "visite-root" : {
    "transaction" : "visite-root",
    "sampleCount" : 2250,
    "errorCount" : 0,
    "errorPct" : 0.0,
    "meanResTime" : 771.1515555555555,
    "medianResTime" : 404.0,
    "minResTime" : 1.0,
    "maxResTime" : 15632.0,
    "pct1ResTime" : 1597.0,
    "pct2ResTime" : 2102.0,
    "pct3ResTime" : 3952.9599999999773,
    "throughput" : 14.770273020291073,
    "receivedKBytesPerSec" : 18.390534891077444,
    "sentKBytesPerSec" : 1.687619085326226
  },
  "add-message-1" : {
    "transaction" : "add-message-1",
    "sampleCount" : 3750,
    "errorCount" : 0,
    "errorPct" : 0.0,
    "meanResTime" : 756.617333333333,
    "medianResTime" : 497.0,
    "minResTime" : 1.0,
    "maxResTime" : 10980.0,
    "pct1ResTime" : 1599.9,
    "pct2ResTime" : 2102.0,
    "pct3ResTime" : 4302.0,
    "throughput" : 25.46135984030635,
    "receivedKBytesPerSec" : 31.7019921816651,
    "sentKBytesPerSec" : 2.909159278628753
  },
  "add-message-0" : {
    "transaction" : "add-message-0",
    "sampleCount" : 3750,
    "errorCount" : 0,
    "errorPct" : 0.0,
    "meanResTime" : 685.388266666666,
    "medianResTime" : 403.0,
    "minResTime" : 1.0,
    "maxResTime" : 7602.0,
    "pct1ResTime" : 1499.0,
    "pct2ResTime" : 2097.45,
    "pct3ResTime" : 4496.409999999998,
    "throughput" : 24.611628502234737,
    "receivedKBytesPerSec" : 6.705149767912344,
    "sentKBytesPerSec" : 5.45589811524149
  },
  "query-10" : {
    "transaction" : "query-10",
    "sampleCount" : 79,
    "errorCount" : 0,
    "errorPct" : 0.0,
    "meanResTime" : 534.2658227848101,
    "medianResTime" : 300.0,
    "minResTime" : 7.0,
    "maxResTime" : 2695.0,
    "pct1ResTime" : 1294.0,
    "pct2ResTime" : 2399.0,
    "pct3ResTime" : 2695.0,
    "throughput" : 0.6555635772195806,
    "receivedKBytesPerSec" : 0.12396355865219447,
    "sentKBytesPerSec" : 0.08258564595832607
  },
  "Total" : {
    "transaction" : "Total",
    "sampleCount" : 14250,
    "errorCount" : 0,
    "errorPct" : 0.0,
    "meanResTime" : 903.5756491228038,
    "medianResTime" : 595.0,
    "minResTime" : 1.0,
    "maxResTime" : 16163.0,
    "pct1ResTime" : 1904.8999999999996,
    "pct2ResTime" : 2644.7999999999083,
    "pct3ResTime" : 4996.959999999999,
    "throughput" : 93.46223469842853,
    "receivedKBytesPerSec" : 93.95049673333094,
    "sentKBytesPerSec" : 18.82649786553572
  },
  "query-9" : {
    "transaction" : "query-9",
    "sampleCount" : 66,
    "errorCount" : 0,
    "errorPct" : 0.0,
    "meanResTime" : 498.2121212121213,
    "medianResTime" : 348.5,
    "minResTime" : 99.0,
    "maxResTime" : 5996.0,
    "pct1ResTime" : 825.9000000000004,
    "pct2ResTime" : 1068.1999999999998,
    "pct3ResTime" : 5996.0,
    "throughput" : 0.5309819948832645,
    "receivedKBytesPerSec" : 0.10007766114499027,
    "sentKBytesPerSec" : 0.06637274936040805
  },
  "query-5" : {
    "transaction" : "query-5",
    "sampleCount" : 81,
    "errorCount" : 0,
    "errorPct" : 0.0,
    "meanResTime" : 413.83950617283944,
    "medianResTime" : 298.0,
    "minResTime" : 2.0,
    "maxResTime" : 6096.0,
    "pct1ResTime" : 595.4,
    "pct2ResTime" : 788.5999999999992,
    "pct3ResTime" : 6096.0,
    "throughput" : 0.6459433164803265,
    "receivedKBytesPerSec" : 0.12174517586006157,
    "sentKBytesPerSec" : 0.08074291456004083
  },
  "query-6" : {
    "transaction" : "query-6",
    "sampleCount" : 81,
    "errorCount" : 0,
    "errorPct" : 0.0,
    "meanResTime" : 501.92592592592575,
    "medianResTime" : 297.0,
    "minResTime" : 4.0,
    "maxResTime" : 5998.0,
    "pct1ResTime" : 1136.7999999999993,
    "pct2ResTime" : 1477.4999999999984,
    "pct3ResTime" : 5998.0,
    "throughput" : 0.6500906916643927,
    "receivedKBytesPerSec" : 0.12252685887815214,
    "sentKBytesPerSec" : 0.08126133645804909
  },
  "query-7" : {
    "transaction" : "query-7",
    "sampleCount" : 68,
    "errorCount" : 0,
    "errorPct" : 0.0,
    "meanResTime" : 542.4264705882355,
    "medianResTime" : 301.0,
    "minResTime" : 1.0,
    "maxResTime" : 3696.0,
    "pct1ResTime" : 900.0,
    "pct2ResTime" : 2708.5499999999993,
    "pct3ResTime" : 3696.0,
    "throughput" : 0.5537639662529723,
    "receivedKBytesPerSec" : 0.10437152879572624,
    "sentKBytesPerSec" : 0.06922049578162155
  },
  "query-8" : {
    "transaction" : "query-8",
    "sampleCount" : 65,
    "errorCount" : 0,
    "errorPct" : 0.0,
    "meanResTime" : 363.1538461538462,
    "medianResTime" : 200.0,
    "minResTime" : 1.0,
    "maxResTime" : 6095.0,
    "pct1ResTime" : 697.4,
    "pct2ResTime" : 798.1,
    "pct3ResTime" : 6095.0,
    "throughput" : 0.5183454413512069,
    "receivedKBytesPerSec" : 0.09769596697342084,
    "sentKBytesPerSec" : 0.06479318016890087
  }
}