{
  "query-1" : {
    "transaction" : "query-1",
    "sampleCount" : 70,
    "errorCount" : 0,
    "errorPct" : 0.0,
    "meanResTime" : 325.75714285714287,
    "medianResTime" : 197.5,
    "minResTime" : 1.0,
    "maxResTime" : 2997.0,
    "pct1ResTime" : 798.8,
    "pct2ResTime" : 986.1000000000006,
    "pct3ResTime" : 2997.0,
    "throughput" : 0.6616819956328989,
    "receivedKBytesPerSec" : 0.09369520445973666,
    "sentKBytesPerSec" : 0.0794793803348111
  },
  "query-2" : {
    "transaction" : "query-2",
    "sampleCount" : 68,
    "errorCount" : 0,
    "errorPct" : 0.0,
    "meanResTime" : 238.3088235294117,
    "medianResTime" : 100.0,
    "minResTime" : 1.0,
    "maxResTime" : 1304.0,
    "pct1ResTime" : 693.9,
    "pct2ResTime" : 796.55,
    "pct3ResTime" : 1304.0,
    "throughput" : 0.6421455215071533,
    "receivedKBytesPerSec" : 0.09092880919779027,
    "sentKBytesPerSec" : 0.07713271400916002
  },
  "query-3" : {
    "transaction" : "query-3",
    "sampleCount" : 81,
    "errorCount" : 0,
    "errorPct" : 0.0,
    "meanResTime" : 312.8518518518518,
    "medianResTime" : 203.0,
    "minResTime" : 1.0,
    "maxResTime" : 2790.0,
    "pct1ResTime" : 602.6,
    "pct2ResTime" : 870.3999999999984,
    "pct3ResTime" : 2790.0,
    "throughput" : 0.7513705555504021,
    "receivedKBytesPerSec" : 0.10639524468242999,
    "sentKBytesPerSec" : 0.09025251790302682
  },
  "query-4" : {
    "transaction" : "query-4",
    "sampleCount" : 71,
    "errorCount" : 0,
    "errorPct" : 0.0,
    "meanResTime" : 302.3521126760562,
    "medianResTime" : 97.0,
    "minResTime" : 1.0,
    "maxResTime" : 2397.0,
    "pct1ResTime" : 997.4,
    "pct2ResTime" : 1235.999999999999,
    "pct3ResTime" : 2397.0,
    "throughput" : 0.6866736945946207,
    "receivedKBytesPerSec" : 0.09723406808224609,
    "sentKBytesPerSec" : 0.08248131292493979
  },
  "add-message" : {
    "transaction" : "add-message",
    "sampleCount" : 3750,
    "errorCount" : 0,
    "errorPct" : 0.0,
    "meanResTime" : 1201.058933333334,
    "medianResTime" : 898.0,
    "minResTime" : 1.0,
    "maxResTime" : 11394.0,
    "pct1ResTime" : 2691.9,
    "pct2ResTime" : 3299.3499999999995,
    "pct3ResTime" : 5898.49,
    "throughput" : 29.252082748291677,
    "receivedKBytesPerSec" : 41.507105696550596,
    "sentKBytesPerSec" : 9.54120667766545
  },
  "visite-root" : {
    "transaction" : "visite-root",
    "sampleCount" : 2250,
    "errorCount" : 0,
    "errorPct" : 0.0,
    "meanResTime" : 636.7346666666663,
    "medianResTime" : 297.0,
    "minResTime" : 0.0,
    "maxResTime" : 10477.0,
    "pct1ResTime" : 1601.0,
    "pct2ResTime" : 2190.0,
    "pct3ResTime" : 3700.0,
    "throughput" : 17.550975834256388,
    "receivedKBytesPerSec" : 21.030319676399007,
    "sentKBytesPerSec" : 1.919637981871792
  },
  "add-message-1" : {
    "transaction" : "add-message-1",
    "sampleCount" : 3750,
    "errorCount" : 0,
    "errorPct" : 0.0,
    "meanResTime" : 632.613066666666,
    "medianResTime" : 300.0,
    "minResTime" : 0.0,
    "maxResTime" : 8003.0,
    "pct1ResTime" : 1606.0,
    "pct2ResTime" : 2194.45,
    "pct3ResTime" : 3796.959999999999,
    "throughput" : 30.006961615094703,
    "receivedKBytesPerSec" : 35.95560732589961,
    "sentKBytesPerSec" : 3.2820114266509828
  },
  "add-message-0" : {
    "transaction" : "add-message-0",
    "sampleCount" : 3750,
    "errorCount" : 0,
    "errorPct" : 0.0,
    "meanResTime" : 568.3205333333348,
    "medianResTime" : 295.0,
    "minResTime" : 0.0,
    "maxResTime" : 4894.0,
    "pct1ResTime" : 1593.0,
    "pct2ResTime" : 2095.0,
    "pct3ResTime" : 3058.579999999991,
    "throughput" : 29.273319126015785,
    "receivedKBytesPerSec" : 6.460713010233952,
    "sentKBytesPerSec" : 6.346364107397953
  },
  "query-10" : {
    "transaction" : "query-10",
    "sampleCount" : 73,
    "errorCount" : 0,
    "errorPct" : 0.0,
    "meanResTime" : 475.90410958904096,
    "medianResTime" : 205.0,
    "minResTime" : 1.0,
    "maxResTime" : 2996.0,
    "pct1ResTime" : 1484.2000000000025,
    "pct2ResTime" : 2523.6,
    "pct3ResTime" : 2996.0,
    "throughput" : 0.6860773293735081,
    "receivedKBytesPerSec" : 0.0978196192270822,
    "sentKBytesPerSec" : 0.08307967660382323
  },
  "Total" : {
    "transaction" : "Total",
    "sampleCount" : 14250,
    "errorCount" : 0,
    "errorPct" : 0.0,
    "meanResTime" : 749.9147368421003,
    "medianResTime" : 402.0,
    "minResTime" : 0.0,
    "maxResTime" : 11394.0,
    "pct1ResTime" : 1905.0,
    "pct2ResTime" : 2506.899999999998,
    "pct3ResTime" : 4100.49,
    "throughput" : 111.151845120629,
    "receivedKBytesPerSec" : 104.86811717793265,
    "sentKBytesPerSec" : 21.704187828580455
  },
  "query-9" : {
    "transaction" : "query-9",
    "sampleCount" : 82,
    "errorCount" : 0,
    "errorPct" : 0.0,
    "meanResTime" : 346.1341463414636,
    "medianResTime" : 99.0,
    "minResTime" : 1.0,
    "maxResTime" : 2705.0,
    "pct1ResTime" : 795.0,
    "pct2ResTime" : 2004.35,
    "pct3ResTime" : 2705.0,
    "throughput" : 0.7684594262794381,
    "receivedKBytesPerSec" : 0.108815055479022,
    "sentKBytesPerSec" : 0.0923051849925497
  },
  "query-5" : {
    "transaction" : "query-5",
    "sampleCount" : 65,
    "errorCount" : 0,
    "errorPct" : 0.0,
    "meanResTime" : 294.9538461538461,
    "medianResTime" : 102.0,
    "minResTime" : 1.0,
    "maxResTime" : 2305.0,
    "pct1ResTime" : 835.5999999999999,
    "pct2ResTime" : 995.4,
    "pct3ResTime" : 2305.0,
    "throughput" : 0.6190299324781197,
    "receivedKBytesPerSec" : 0.08765560567317124,
    "sentKBytesPerSec" : 0.07435613446758664
  },
  "query-6" : {
    "transaction" : "query-6",
    "sampleCount" : 73,
    "errorCount" : 0,
    "errorPct" : 0.0,
    "meanResTime" : 275.095890410959,
    "medianResTime" : 97.0,
    "minResTime" : 1.0,
    "maxResTime" : 1508.0,
    "pct1ResTime" : 801.6,
    "pct2ResTime" : 1194.6,
    "pct3ResTime" : 1508.0,
    "throughput" : 0.6886727483702985,
    "receivedKBytesPerSec" : 0.09751713722040357,
    "sentKBytesPerSec" : 0.08272143364213545
  },
  "query-7" : {
    "transaction" : "query-7",
    "sampleCount" : 91,
    "errorCount" : 0,
    "errorPct" : 0.0,
    "meanResTime" : 351.31868131868134,
    "medianResTime" : 200.0,
    "minResTime" : 1.0,
    "maxResTime" : 1997.0,
    "pct1ResTime" : 979.7999999999997,
    "pct2ResTime" : 1500.4,
    "pct3ResTime" : 1997.0,
    "throughput" : 0.8512230485010055,
    "receivedKBytesPerSec" : 0.12053451370375567,
    "sentKBytesPerSec" : 0.10224651852111688
  },
  "query-8" : {
    "transaction" : "query-8",
    "sampleCount" : 76,
    "errorCount" : 0,
    "errorPct" : 0.0,
    "meanResTime" : 342.0526315789473,
    "medianResTime" : 195.0,
    "minResTime" : 1.0,
    "maxResTime" : 5196.0,
    "pct1ResTime" : 598.2,
    "pct2ResTime" : 1836.6499999999924,
    "pct3ResTime" : 5196.0,
    "throughput" : 0.7030657366463764,
    "receivedKBytesPerSec" : 0.09955520684934041,
    "sentKBytesPerSec" : 0.08445027891357842
  }
}