{
  "query-1" : {
    "transaction" : "query-1",
    "sampleCount" : 79,
    "errorCount" : 0,
    "errorPct" : 0.0,
    "meanResTime" : 103.78481012658226,
    "medianResTime" : 96.0,
    "minResTime" : 2.0,
    "maxResTime" : 701.0,
    "pct1ResTime" : 205.0,
    "pct2ResTime" : 294.0,
    "pct3ResTime" : 701.0,
    "throughput" : 0.770003021530844,
    "receivedKBytesPerSec" : 0.10903363097848866,
    "sentKBytesPerSec" : 0.09249059731278693
  },
  "query-2" : {
    "transaction" : "query-2",
    "sampleCount" : 73,
    "errorCount" : 0,
    "errorPct" : 0.0,
    "meanResTime" : 208.6849315068493,
    "medianResTime" : 97.0,
    "minResTime" : 1.0,
    "maxResTime" : 3201.0,
    "pct1ResTime" : 255.60000000000073,
    "pct2ResTime" : 1370.2999999999975,
    "pct3ResTime" : 3201.0,
    "throughput" : 0.6880236755544246,
    "receivedKBytesPerSec" : 0.09742522749549958,
    "sentKBytesPerSec" : 0.08264346884100998
  },
  "query-3" : {
    "transaction" : "query-3",
    "sampleCount" : 71,
    "errorCount" : 0,
    "errorPct" : 0.0,
    "meanResTime" : 113.67605633802813,
    "medianResTime" : 97.0,
    "minResTime" : 2.0,
    "maxResTime" : 700.0,
    "pct1ResTime" : 205.6,
    "pct2ResTime" : 296.79999999999995,
    "pct3ResTime" : 700.0,
    "throughput" : 0.6892936196652557,
    "receivedKBytesPerSec" : 0.09760505356588094,
    "sentKBytesPerSec" : 0.08279601095588521
  },
  "query-4" : {
    "transaction" : "query-4",
    "sampleCount" : 79,
    "errorCount" : 0,
    "errorPct" : 0.0,
    "meanResTime" : 86.74683544303798,
    "medianResTime" : 93.0,
    "minResTime" : 3.0,
    "maxResTime" : 1100.0,
    "pct1ResTime" : 196.0,
    "pct2ResTime" : 201.0,
    "pct3ResTime" : 1100.0,
    "throughput" : 0.7899131095579486,
    "receivedKBytesPerSec" : 0.11185293055263922,
    "sentKBytesPerSec" : 0.09488214108948016
  },
  "add-message" : {
    "transaction" : "add-message",
    "sampleCount" : 3750,
    "errorCount" : 0,
    "errorPct" : 0.0,
    "meanResTime" : 1254.3589333333332,
    "medianResTime" : 1003.0,
    "minResTime" : 98.0,
    "maxResTime" : 12665.0,
    "pct1ResTime" : 1994.8000000000002,
    "pct2ResTime" : 2693.45,
    "pct3ResTime" : 5847.979999999978,
    "throughput" : 29.349612585113878,
    "receivedKBytesPerSec" : 41.64549520133834,
    "sentKBytesPerSec" : 9.57301816741019
  },
  "visite-root" : {
    "transaction" : "visite-root",
    "sampleCount" : 2250,
    "errorCount" : 0,
    "errorPct" : 0.0,
    "meanResTime" : 648.9262222222234,
    "medianResTime" : 497.0,
    "minResTime" : 2.0,
    "maxResTime" : 12390.0,
    "pct1ResTime" : 1105.0,
    "pct2ResTime" : 1396.0,
    "pct3ResTime" : 2695.4699999999993,
    "throughput" : 17.64802773485603,
    "receivedKBytesPerSec" : 21.146611358074562,
    "sentKBytesPerSec" : 1.9302530334998784
  },
  "add-message-1" : {
    "transaction" : "add-message-1",
    "sampleCount" : 3750,
    "errorCount" : 0,
    "errorPct" : 0.0,
    "meanResTime" : 625.4143999999991,
    "medianResTime" : 497.0,
    "minResTime" : 3.0,
    "maxResTime" : 6857.0,
    "pct1ResTime" : 1194.9,
    "pct2ResTime" : 1406.0,
    "pct3ResTime" : 2950.9799999999777,
    "throughput" : 30.76973570848342,
    "receivedKBytesPerSec" : 36.86959542413003,
    "sentKBytesPerSec" : 3.3654398431153743
  },
  "add-message-0" : {
    "transaction" : "add-message-0",
    "sampleCount" : 3750,
    "errorCount" : 0,
    "errorPct" : 0.0,
    "meanResTime" : 628.8050666666669,
    "medianResTime" : 493.0,
    "minResTime" : 2.0,
    "maxResTime" : 8155.0,
    "pct1ResTime" : 1107.0,
    "pct2ResTime" : 1403.4499999999998,
    "pct3ResTime" : 3499.0,
    "throughput" : 29.351909830933,
    "receivedKBytesPerSec" : 6.478058224405134,
    "sentKBytesPerSec" : 6.363402326628052
  },
  "query-10" : {
    "transaction" : "query-10",
    "sampleCount" : 76,
    "errorCount" : 0,
    "errorPct" : 0.0,
    "meanResTime" : 123.07894736842103,
    "medianResTime" : 96.5,
    "minResTime" : 3.0,
    "maxResTime" : 3100.0,
    "pct1ResTime" : 191.89999999999998,
    "pct2ResTime" : 212.49999999999923,
    "pct3ResTime" : 3100.0,
    "throughput" : 0.7224197258607251,
    "receivedKBytesPerSec" : 0.10300124997623619,
    "sentKBytesPerSec" : 0.08748051367844718
  },
  "Total" : {
    "transaction" : "Total",
    "sampleCount" : 14250,
    "errorCount" : 0,
    "errorPct" : 0.0,
    "meanResTime" : 769.7044210526303,
    "medianResTime" : 595.0,
    "minResTime" : 1.0,
    "maxResTime" : 12665.0,
    "pct1ResTime" : 1406.0,
    "pct2ResTime" : 1895.0,
    "pct3ResTime" : 4097.49,
    "throughput" : 111.52590922964946,
    "receivedKBytesPerSec" : 105.22105731453438,
    "sentKBytesPerSec" : 21.777252798909004
  },
  "query-9" : {
    "transaction" : "query-9",
    "sampleCount" : 86,
    "errorCount" : 0,
    "errorPct" : 0.0,
    "meanResTime" : 168.47674418604646,
    "medianResTime" : 97.5,
    "minResTime" : 3.0,
    "maxResTime" : 2100.0,
    "pct1ResTime" : 232.09999999999974,
    "pct2ResTime" : 428.44999999999834,
    "pct3ResTime" : 2100.0,
    "throughput" : 0.8310061938950034,
    "receivedKBytesPerSec" : 0.11767177550271042,
    "sentKBytesPerSec" : 0.09981812680574746
  },
  "query-5" : {
    "transaction" : "query-5",
    "sampleCount" : 73,
    "errorCount" : 0,
    "errorPct" : 0.0,
    "meanResTime" : 111.09589041095889,
    "medianResTime" : 96.0,
    "minResTime" : 2.0,
    "maxResTime" : 1799.0,
    "pct1ResTime" : 197.0,
    "pct2ResTime" : 231.49999999999972,
    "pct3ResTime" : 1799.0,
    "throughput" : 0.6951321703359488,
    "receivedKBytesPerSec" : 0.0984318014635865,
    "sentKBytesPerSec" : 0.08349732124152509
  },
  "query-6" : {
    "transaction" : "query-6",
    "sampleCount" : 73,
    "errorCount" : 0,
    "errorPct" : 0.0,
    "meanResTime" : 155.9315068493151,
    "medianResTime" : 97.0,
    "minResTime" : 3.0,
    "maxResTime" : 2795.0,
    "pct1ResTime" : 197.60000000000002,
    "pct2ResTime" : 297.3,
    "pct3ResTime" : 2795.0,
    "throughput" : 0.6939229460356087,
    "receivedKBytesPerSec" : 0.09826057341324537,
    "sentKBytesPerSec" : 0.0833520726195116
  },
  "query-7" : {
    "transaction" : "query-7",
    "sampleCount" : 74,
    "errorCount" : 0,
    "errorPct" : 0.0,
    "meanResTime" : 161.98648648648654,
    "medianResTime" : 97.0,
    "minResTime" : 3.0,
    "maxResTime" : 1597.0,
    "pct1ResTime" : 205.5,
    "pct2ResTime" : 1498.5,
    "pct3ResTime" : 1597.0,
    "throughput" : 0.7101659293096996,
    "receivedKBytesPerSec" : 0.100560605224518,
    "sentKBytesPerSec" : 0.08530313408700493
  },
  "query-8" : {
    "transaction" : "query-8",
    "sampleCount" : 66,
    "errorCount" : 0,
    "errorPct" : 0.0,
    "meanResTime" : 111.43939393939392,
    "medianResTime" : 97.0,
    "minResTime" : 1.0,
    "maxResTime" : 1797.0,
    "pct1ResTime" : 195.9,
    "pct2ResTime" : 303.2,
    "pct3ResTime" : 1797.0,
    "throughput" : 0.6352445210160063,
    "receivedKBytesPerSec" : 0.08995161674543056,
    "sentKBytesPerSec" : 0.0763037852392273
  }
}