{
  "add-one" : {
    "transaction" : "add-one",
    "sampleCount" : 500,
    "errorCount" : 0,
    "errorPct" : 0.0,
    "meanResTime" : 1549.4979999999996,
    "medianResTime" : 1152.0,
    "minResTime" : 8.0,
    "maxResTime" : 8406.0,
    "pct1ResTime" : 3498.9,
    "pct2ResTime" : 4099.85,
    "pct3ResTime" : 5500.91,
    "throughput" : 8.106749679783388,
    "receivedKBytesPerSec" : 118.91005763899022,
    "sentKBytesPerSec" : 0.9579264758337792
  },
  "add-three" : {
    "transaction" : "add-three",
    "sampleCount" : 500,
    "errorCount" : 0,
    "errorPct" : 0.0,
    "meanResTime" : 1489.6479999999997,
    "medianResTime" : 1197.5,
    "minResTime" : 3.0,
    "maxResTime" : 5694.0,
    "pct1ResTime" : 3281.5000000000027,
    "pct2ResTime" : 3704.85,
    "pct3ResTime" : 5195.010000000001,
    "throughput" : 8.71216741300901,
    "receivedKBytesPerSec" : 127.78942500784096,
    "sentKBytesPerSec" : 1.0294650947012598
  },
  "visited-root" : {
    "transaction" : "visited-root",
    "sampleCount" : 500,
    "errorCount" : 0,
    "errorPct" : 0.0,
    "meanResTime" : 3144.057999999998,
    "medianResTime" : 1202.5,
    "minResTime" : 3.0,
    "maxResTime" : 24979.0,
    "pct1ResTime" : 16201.700000000368,
    "pct2ResTime" : 19326.749999999996,
    "pct3ResTime" : 21800.6,
    "throughput" : 6.283538386136001,
    "receivedKBytesPerSec" : 83.23155310218291,
    "sentKBytesPerSec" : 0.6872620109836252
  },
  "Total" : {
    "transaction" : "Total",
    "sampleCount" : 2000,
    "errorCount" : 0,
    "errorPct" : 0.0,
    "meanResTime" : 1906.5074999999956,
    "medianResTime" : 1196.0,
    "minResTime" : 3.0,
    "maxResTime" : 24979.0,
    "pct1ResTime" : 3498.9,
    "pct2ResTime" : 4499.0,
    "pct3ResTime" : 19637.21,
    "throughput" : 25.040691123075,
    "receivedKBytesPerSec" : 358.3929720757168,
    "sentKBytesPerSec" : 2.9038887410792538
  },
  "add-two" : {
    "transaction" : "add-two",
    "sampleCount" : 500,
    "errorCount" : 0,
    "errorPct" : 0.0,
    "meanResTime" : 1442.8259999999998,
    "medianResTime" : 1102.0,
    "minResTime" : 3.0,
    "maxResTime" : 8192.0,
    "pct1ResTime" : 3295.0,
    "pct2ResTime" : 4095.8,
    "pct3ResTime" : 5201.020000000002,
    "throughput" : 8.490117503226244,
    "receivedKBytesPerSec" : 124.53107024829347,
    "sentKBytesPerSec" : 1.00322677528357
  }
}