{
  "add-one" : {
    "transaction" : "add-one",
    "sampleCount" : 500,
    "errorCount" : 0,
    "errorPct" : 0.0,
    "meanResTime" : 1937.5780000000013,
    "medianResTime" : 1602.5,
    "minResTime" : 97.0,
    "maxResTime" : 11693.0,
    "pct1ResTime" : 3800.5,
    "pct2ResTime" : 5002.75,
    "pct3ResTime" : 7798.010000000001,
    "throughput" : 6.649466712769636,
    "receivedKBytesPerSec" : 97.852357319068,
    "sentKBytesPerSec" : 0.8117024795861372
  },
  "add-three" : {
    "transaction" : "add-three",
    "sampleCount" : 500,
    "errorCount" : 0,
    "errorPct" : 0.0,
    "meanResTime" : 1723.8520000000005,
    "medianResTime" : 1494.5,
    "minResTime" : 5.0,
    "maxResTime" : 7299.0,
    "pct1ResTime" : 3489.4000000000033,
    "pct2ResTime" : 4187.449999999999,
    "pct3ResTime" : 6294.030000000003,
    "throughput" : 7.003193456216034,
    "receivedKBytesPerSec" : 103.057736515351,
    "sentKBytesPerSec" : 0.9095944625749341
  },
  "visit-root" : {
    "transaction" : "visit-root",
    "sampleCount" : 500,
    "errorCount" : 0,
    "errorPct" : 0.0,
    "meanResTime" : 3764.966000000002,
    "medianResTime" : 1501.0,
    "minResTime" : 6.0,
    "maxResTime" : 30578.0,
    "pct1ResTime" : 19106.700000000463,
    "pct2ResTime" : 22653.05,
    "pct3ResTime" : 26011.280000000006,
    "throughput" : 5.187044836815569,
    "receivedKBytesPerSec" : 68.95629039411166,
    "sentKBytesPerSec" : 0.5926603963939664
  },
  "Total" : {
    "transaction" : "Total",
    "sampleCount" : 2000,
    "errorCount" : 0,
    "errorPct" : 0.0,
    "meanResTime" : 2307.1960000000004,
    "medianResTime" : 1501.0,
    "minResTime" : 5.0,
    "maxResTime" : 30578.0,
    "pct1ResTime" : 3803.9,
    "pct2ResTime" : 5197.95,
    "pct3ResTime" : 23617.84,
    "throughput" : 20.70564850091105,
    "receivedKBytesPerSec" : 297.34039180263375,
    "sentKBytesPerSec" : 2.56798570274971
  },
  "add-two" : {
    "transaction" : "add-two",
    "sampleCount" : 500,
    "errorCount" : 0,
    "errorPct" : 0.0,
    "meanResTime" : 1802.3880000000024,
    "medianResTime" : 1499.0,
    "minResTime" : 5.0,
    "maxResTime" : 8392.0,
    "pct1ResTime" : 3697.9,
    "pct2ResTime" : 4308.9,
    "pct3ResTime" : 6095.970000000002,
    "throughput" : 6.9155336717334475,
    "receivedKBytesPerSec" : 101.76775087827278,
    "sentKBytesPerSec" : 0.8982089632231919
  }
}