{
  "add-one" : {
    "transaction" : "add-one",
    "sampleCount" : 500,
    "errorCount" : 0,
    "errorPct" : 0.0,
    "meanResTime" : 1637.6880000000008,
    "medianResTime" : 1404.0,
    "minResTime" : 97.0,
    "maxResTime" : 9393.0,
    "pct1ResTime" : 3199.9,
    "pct2ResTime" : 3799.9,
    "pct3ResTime" : 5297.970000000002,
    "throughput" : 7.461572899567228,
    "receivedKBytesPerSec" : 109.80316603865094,
    "sentKBytesPerSec" : 0.9108365355917026
  },
  "add-three" : {
    "transaction" : "add-three",
    "sampleCount" : 500,
    "errorCount" : 0,
    "errorPct" : 0.0,
    "meanResTime" : 1527.1699999999978,
    "medianResTime" : 1298.5,
    "minResTime" : 2.0,
    "maxResTime" : 6896.0,
    "pct1ResTime" : 2999.7000000000003,
    "pct2ResTime" : 3793.249999999999,
    "pct3ResTime" : 4900.970000000003,
    "throughput" : 7.775082415873608,
    "receivedKBytesPerSec" : 114.4167157468744,
    "sentKBytesPerSec" : 1.0098495715929587
  },
  "visit-root" : {
    "transaction" : "visit-root",
    "sampleCount" : 500,
    "errorCount" : 0,
    "errorPct" : 0.0,
    "meanResTime" : 1535.7400000000007,
    "medianResTime" : 1301.5,
    "minResTime" : 4.0,
    "maxResTime" : 6702.0,
    "pct1ResTime" : 2891.3000000000034,
    "pct2ResTime" : 3501.7,
    "pct3ResTime" : 5100.010000000003,
    "throughput" : 7.467590656550571,
    "receivedKBytesPerSec" : 99.27374180431924,
    "sentKBytesPerSec" : 0.853230573062907
  },
  "Total" : {
    "transaction" : "Total",
    "sampleCount" : 2000,
    "errorCount" : 0,
    "errorPct" : 0.0,
    "meanResTime" : 1580.2879999999982,
    "medianResTime" : 1301.0,
    "minResTime" : 2.0,
    "maxResTime" : 9393.0,
    "pct1ResTime" : 3096.9,
    "pct2ResTime" : 3792.349999999983,
    "pct3ResTime" : 5299.0,
    "throughput" : 29.82270402457391,
    "receivedKBytesPerSec" : 428.2645143372649,
    "sentKBytesPerSec" : 3.6987142686727403
  },
  "add-two" : {
    "transaction" : "add-two",
    "sampleCount" : 500,
    "errorCount" : 0,
    "errorPct" : 0.0,
    "meanResTime" : 1620.5539999999992,
    "medianResTime" : 1205.5,
    "minResTime" : 3.0,
    "maxResTime" : 8392.0,
    "pct1ResTime" : 3201.9,
    "pct2ResTime" : 4105.75,
    "pct3ResTime" : 6788.9800000000105,
    "throughput" : 7.507056633235241,
    "receivedKBytesPerSec" : 110.47249649045102,
    "sentKBytesPerSec" : 0.9750376291213741
  }
}